{"v":"5.5.7","meta":{"g":"LottieFiles AE 0.1.20","a":"","k":"","d":"","tc":""},"fr":60,"ip":0,"op":260,"w":800,"h":512,"nm":"covidZero-icon-anim","ddd":0,"assets":[{"id":"comp_0","layers":[{"ddd":0,"ind":1,"ty":4,"nm":"▽ zero","td":1,"sr":1,"ks":{"o":{"a":0,"k":100,"ix":11},"r":{"a":0,"k":0,"ix":10},"p":{"a":0,"k":[256,256,0],"ix":2},"a":{"a":0,"k":[92,104,0],"ix":1},"s":{"a":0,"k":[100,100,100],"ix":6}},"ao":0,"shapes":[{"ty":"gr","it":[{"ty":"rc","d":1,"s":{"a":0,"k":[184,208],"ix":2},"p":{"a":0,"k":[92,104],"ix":3},"r":{"a":0,"k":0,"ix":4},"nm":"Rectangle Path 1","mn":"ADBE Vector Shape - Rect","hd":false},{"ty":"fl","c":{"a":0,"k":[0,0,0,1],"ix":4},"o":{"a":0,"k":0,"ix":5},"r":1,"bm":0,"nm":"Fill 1","mn":"ADBE Vector Graphic - Fill","hd":false},{"ty":"st","c":{"a":0,"k":[0.298000007868,0.756900012493,0.988200008869,1],"ix":3},"o":{"a":0,"k":50,"ix":4},"w":{"a":0,"k":1,"ix":5},"lc":1,"lj":1,"ml":4,"bm":0,"nm":"Stroke 1","mn":"ADBE Vector Graphic - Stroke","hd":false},{"ty":"tr","p":{"a":0,"k":[0,0],"ix":2},"a":{"a":0,"k":[0,0],"ix":1},"s":{"a":0,"k":[100,100],"ix":3},"r":{"a":0,"k":0,"ix":6},"o":{"a":0,"k":100,"ix":7},"sk":{"a":0,"k":0,"ix":4},"sa":{"a":0,"k":0,"ix":5},"nm":"Transform"}],"nm":"▽ zero","np":3,"cix":2,"bm":0,"ix":1,"mn":"ADBE Vector Group","hd":false}],"ip":0,"op":40,"st":0,"bm":0},{"ddd":0,"ind":2,"ty":4,"nm":"slach","parent":1,"tt":4,"sr":1,"ks":{"o":{"a":1,"k":[{"i":{"x":[0.833],"y":[0.833]},"o":{"x":[0.167],"y":[0.167]},"t":13,"s":[0]},{"t":14,"s":[100]}],"ix":11},"r":{"a":0,"k":-54.071,"ix":10},"p":{"a":0,"k":[136,49,0],"ix":2},"a":{"a":0,"k":[56.74,-1.879,0],"ix":1},"s":{"a":1,"k":[{"i":{"x":[0.146,0.667,0.667],"y":[1,1,1]},"o":{"x":[0.277,0.321,0.333],"y":[0,0,0]},"t":14,"s":[12.355,134.392,100]},{"t":40,"s":[141.355,134.392,100]}],"ix":6}},"ao":0,"shapes":[{"ty":"gr","it":[{"ty":"rc","d":1,"s":{"a":0,"k":[40.938,20.951],"ix":2},"p":{"a":0,"k":[0,0],"ix":3},"r":{"a":0,"k":0,"ix":4},"nm":"Rectangle Path 1","mn":"ADBE Vector Shape - Rect","hd":false},{"ty":"st","c":{"a":0,"k":[0.443136985629,0.349019996793,0.756862984452,1],"ix":3},"o":{"a":0,"k":100,"ix":4},"w":{"a":0,"k":0,"ix":5},"lc":1,"lj":1,"ml":4,"bm":0,"nm":"Stroke 1","mn":"ADBE Vector Graphic - Stroke","hd":false},{"ty":"fl","c":{"a":1,"k":[{"i":{"x":[0.415],"y":[1]},"o":{"x":[0.488],"y":[0]},"t":37,"s":[0.4392157197,0.435294151306,0.435294151306,1]},{"t":60,"s":[0.937254961799,0.466666696586,0.392156892664,1]}],"ix":4},"o":{"a":0,"k":100,"ix":5},"r":1,"bm":2,"nm":"Fill 1","mn":"ADBE Vector Graphic - Fill","hd":false},{"ty":"tr","p":{"a":0,"k":[3.377,-2.747],"ix":2},"a":{"a":0,"k":[0,0],"ix":1},"s":{"a":0,"k":[265.489,100],"ix":3},"r":{"a":0,"k":0,"ix":6},"o":{"a":0,"k":100,"ix":7},"sk":{"a":0,"k":0,"ix":4},"sa":{"a":0,"k":0,"ix":5},"nm":"Transform"}],"nm":"Rectangle 1","np":3,"cix":2,"bm":0,"ix":1,"mn":"ADBE Vector Group","hd":false},{"ty":"rd","nm":"Round Corners 1","r":{"a":0,"k":9,"ix":1},"ix":2,"mn":"ADBE Vector Filter - RC","hd":false}],"ip":0,"op":61,"st":0,"bm":0},{"ddd":0,"ind":3,"ty":4,"nm":"inner","parent":1,"td":1,"sr":1,"ks":{"o":{"a":1,"k":[{"i":{"x":[0],"y":[1]},"o":{"x":[0.434],"y":[0]},"t":0,"s":[0]},{"t":25,"s":[100]}],"ix":11},"r":{"a":0,"k":0,"ix":10},"p":{"a":0,"k":[123.5,52,0],"ix":2},"a":{"a":0,"k":[31.5,-52,0],"ix":1},"s":{"a":1,"k":[{"i":{"x":[0,0,0.667],"y":[1,1,1]},"o":{"x":[0.434,0.434,0.333],"y":[0,0,0]},"t":0,"s":[20,20,100]},{"t":37,"s":[100,100,100]}],"ix":6}},"ao":0,"shapes":[{"ty":"gr","it":[{"ind":0,"ty":"sh","ix":1,"ks":{"a":0,"k":{"i":[[-22,0],[0,28.719],[22,0],[0,-28.719]],"o":[[22,0],[0,-28.719],[-22,0],[0,28.719]],"v":[[0,52],[30,0],[0,-52],[-30,0]],"c":true},"ix":2},"nm":"Path 1","mn":"ADBE Vector Shape - Group","hd":false},{"ty":"fl","c":{"a":0,"k":[1,1,1,1],"ix":4},"o":{"a":0,"k":100,"ix":5},"r":1,"bm":0,"nm":"Fill 1","mn":"ADBE Vector Graphic - Fill","hd":false},{"ty":"tr","p":{"a":0,"k":[0,0],"ix":2},"a":{"a":0,"k":[0,0],"ix":1},"s":{"a":0,"k":[100,100],"ix":3},"r":{"a":0,"k":0,"ix":6},"o":{"a":0,"k":100,"ix":7},"sk":{"a":0,"k":0,"ix":4},"sa":{"a":0,"k":0,"ix":5},"nm":"Transform"}],"nm":"inner","np":2,"cix":2,"bm":0,"ix":1,"mn":"ADBE Vector Group","hd":false}],"ip":0,"op":61,"st":0,"bm":0},{"ddd":0,"ind":4,"ty":4,"nm":"outer","parent":1,"tt":2,"sr":1,"ks":{"o":{"a":0,"k":100,"ix":11},"r":{"a":0,"k":0,"ix":10},"p":{"a":0,"k":[92,104,0],"ix":2},"a":{"a":0,"k":[0,0,0],"ix":1},"s":{"a":0,"k":[100,100,100],"ix":6}},"ao":0,"shapes":[{"ty":"gr","it":[{"ind":0,"ty":"sh","ix":1,"ks":{"a":0,"k":{"i":[[-16.181,-16.956],[0,-35.428],[12.688,-16.888],[1.9,-1.991],[28.975,0],[0.082,0],[0.111,0],[16.181,16.956],[0,35.423],[-16.181,16.956],[-28.975,0]],"o":[[16.176,16.956],[0,31.368],[-1.236,2.146],[-16.181,16.956],[-0.082,0],[-0.106,0],[-28.975,0],[-16.181,-16.956],[0,-35.424],[16.181,-16.951],[28.975,0]],"v":[[67.731,-78.571],[92,-0.002],[72.956,72.365],[68.294,78.566],[0.563,104],[0.322,103.995],[0,104],[-67.731,78.566],[-92,-0.002],[-67.731,-78.571],[0,-104]],"c":true},"ix":2},"nm":"Path 1","mn":"ADBE Vector Shape - Group","hd":false},{"ty":"fl","c":{"a":1,"k":[{"i":{"x":[0.415],"y":[1]},"o":{"x":[0.49],"y":[0]},"t":37,"s":[0.4392157197,0.435294151306,0.435294151306,1]},{"t":60,"s":[0.937254905701,0.466666668653,0.392156869173,1]}],"ix":4},"o":{"a":0,"k":100,"ix":5},"r":1,"bm":0,"nm":"Fill 1","mn":"ADBE Vector Graphic - Fill","hd":false},{"ty":"tr","p":{"a":0,"k":[0,0],"ix":2},"a":{"a":0,"k":[0,0],"ix":1},"s":{"a":0,"k":[100,100],"ix":3},"r":{"a":0,"k":0,"ix":6},"o":{"a":0,"k":100,"ix":7},"sk":{"a":0,"k":0,"ix":4},"sa":{"a":0,"k":0,"ix":5},"nm":"Transform"}],"nm":"outer","np":2,"cix":2,"bm":0,"ix":1,"mn":"ADBE Vector Group","hd":false}],"ip":0,"op":61,"st":0,"bm":0}]},{"id":"comp_1","layers":[{"ddd":0,"ind":1,"ty":4,"nm":"virus-body","sr":1,"ks":{"o":{"a":0,"k":100,"ix":11},"r":{"a":0,"k":0,"ix":10},"p":{"a":0,"k":[256,256,0],"ix":2},"a":{"a":0,"k":[0,0,0],"ix":1},"s":{"a":1,"k":[{"i":{"x":[0.448,0.448,0.667],"y":[1,1,1]},"o":{"x":[0.328,0.328,0.167],"y":[0.312,0.312,3.333]},"t":0,"s":[100,100,100]},{"i":{"x":[0.702,0.702,0.833],"y":[0.697,0.697,4.333]},"o":{"x":[0.545,0.545,0.333],"y":[0,0,0]},"t":44.383,"s":[120,120,100]},{"t":90,"s":[100,100,100]}],"ix":6}},"ao":0,"shapes":[{"ty":"gr","it":[{"ind":0,"ty":"sh","ix":1,"ks":{"a":0,"k":{"i":[[-16.181,-16.956],[0,-35.428],[12.688,-16.888],[1.9,-1.991],[28.975,0],[0.082,0],[0.111,0],[16.181,16.956],[0,35.423],[-16.181,16.956],[-28.975,0]],"o":[[16.176,16.956],[0,31.368],[-1.236,2.146],[-16.181,16.956],[-0.082,0],[-0.106,0],[-28.975,0],[-16.181,-16.956],[0,-35.424],[16.181,-16.951],[28.975,0]],"v":[[67.731,-78.571],[92,-0.002],[72.956,72.365],[68.294,78.566],[0.563,104],[0.322,103.995],[0,104],[-67.731,78.566],[-92,-0.002],[-67.731,-78.571],[0,-104]],"c":true},"ix":2},"nm":"Path 1","mn":"ADBE Vector Shape - Group","hd":false},{"ty":"fl","c":{"a":0,"k":[0.439215689898,0.435294121504,0.435294121504,1],"ix":4},"o":{"a":0,"k":100,"ix":5},"r":1,"bm":0,"nm":"Fill 1","mn":"ADBE Vector Graphic - Fill","hd":false},{"ty":"tr","p":{"a":0,"k":[0,0],"ix":2},"a":{"a":0,"k":[0,0],"ix":1},"s":{"a":0,"k":[100,100],"ix":3},"r":{"a":0,"k":0,"ix":6},"o":{"a":0,"k":100,"ix":7},"sk":{"a":0,"k":0,"ix":4},"sa":{"a":0,"k":0,"ix":5},"nm":"Transform"}],"nm":"virus-body","np":2,"cix":2,"bm":0,"ix":1,"mn":"ADBE Vector Group","hd":false}],"ip":0,"op":91,"st":0,"bm":0},{"ddd":0,"ind":2,"ty":4,"nm":"virus-arm-06","parent":1,"sr":1,"ks":{"o":{"a":0,"k":100,"ix":11},"r":{"a":0,"k":0,"ix":10},"p":{"a":0,"k":[0.515,0.5,0],"ix":2},"a":{"a":0,"k":[54.5,91,0],"ix":1},"s":{"a":1,"k":[{"i":{"x":[0.231,0.231,0.667],"y":[1,1,1]},"o":{"x":[0.312,0.312,0.333],"y":[0,0,0]},"t":25.891,"s":[40,40,100]},{"i":{"x":[0.691,0.691,0.833],"y":[1,1,1]},"o":{"x":[0.774,0.774,0.167],"y":[0,0,0]},"t":57.945,"s":[100,100,100]},{"t":90,"s":[40,40,100]}],"ix":6}},"ao":0,"shapes":[{"ty":"gr","it":[{"ind":0,"ty":"sh","ix":1,"ks":{"a":0,"k":{"i":[[-6.005,-5.18],[4.207,-14.249],[-11.196,7.996],[1.605,5.266],[2.949,1.528],[-0.053,17.018],[-0.228,3.452],[0.227,4.627],[18.101,-3.647],[-3.046,-13.948],[-10.024,-4.893]],"o":[[10.887,9.394],[4.813,4.843],[11.196,-7.996],[-2.954,-0.538],[-13.325,-6.906],[0.01,-3.45],[0.307,-4.652],[-0.747,-15.17],[-14.574,2.934],[2.564,11.731],[7.21,3.516]],"v":[[-20.826,-29.296],[-11.182,11.466],[17.252,16],[26.432,-9.795],[17.584,-12.783],[-5.399,-47.7],[-4.933,-58.056],[-4.546,-71.983],[-38.363,-97.929],[-61.496,-64.611],[-41.505,-41.663]],"c":true},"ix":2},"nm":"Path 1","mn":"ADBE Vector Shape - Group","hd":false},{"ind":1,"ty":"sh","ix":2,"ks":{"a":0,"k":{"i":[[0,-4.142],[4.142,0],[0,4.142],[-4.142,0]],"o":[[0,4.142],[-4.142,0],[0,-4.142],[4.142,0]],"v":[[61.984,91],[54.484,98.5],[46.984,91],[54.484,83.5]],"c":true},"ix":2},"nm":"Path 2","mn":"ADBE Vector Shape - Group","hd":false},{"ty":"mm","mm":5,"nm":"Merge Paths 1","mn":"ADBE Vector Filter - Merge","hd":false},{"ty":"fl","c":{"a":0,"k":[0.439215689898,0.435294121504,0.435294121504,1],"ix":4},"o":{"a":0,"k":100,"ix":5},"r":1,"bm":0,"nm":"Fill 1","mn":"ADBE Vector Graphic - Fill","hd":false},{"ty":"tr","p":{"a":0,"k":[0,0],"ix":2},"a":{"a":0,"k":[0,0],"ix":1},"s":{"a":0,"k":[100,100],"ix":3},"r":{"a":0,"k":0,"ix":6},"o":{"a":0,"k":100,"ix":7},"sk":{"a":0,"k":0,"ix":4},"sa":{"a":0,"k":0,"ix":5},"nm":"Transform"}],"nm":"virus-arm-06","np":4,"cix":2,"bm":0,"ix":1,"mn":"ADBE Vector Group","hd":false}],"ip":0,"op":91,"st":0,"bm":0},{"ddd":0,"ind":3,"ty":4,"nm":"virus-arm-05","parent":1,"sr":1,"ks":{"o":{"a":0,"k":100,"ix":11},"r":{"a":0,"k":0,"ix":10},"p":{"a":0,"k":[0.5,0.683,0],"ix":2},"a":{"a":0,"k":[100,0.5,0],"ix":1},"s":{"a":1,"k":[{"i":{"x":[0.231,0.231,0.667],"y":[1,1,1]},"o":{"x":[0.312,0.312,0.333],"y":[0,0,0]},"t":20.959,"s":[40,40,100]},{"i":{"x":[0.691,0.691,0.833],"y":[1,1,1]},"o":{"x":[0.774,0.774,0.167],"y":[0,0,0]},"t":53.014,"s":[100,100,100]},{"t":85.068359375,"s":[40,40,100]}],"ix":6}},"ao":0,"shapes":[{"ty":"gr","it":[{"ind":0,"ty":"sh","ix":1,"ks":{"a":0,"k":{"i":[[-5.759,4.234],[-11.74,-28.211],[-0.928,0.898],[0,18.995],[6.717,4.941],[13.113,-4.365],[12.916,11.353],[7.793,-1.203],[-7.696,-20.063],[-13.311,4.845]],"o":[[22.535,-16.557],[0.781,-0.796],[7.31,-7.078],[0,-14.4],[-4.531,13.215],[-16.988,5.655],[-6.029,-5.301],[-18.882,2.915],[4.255,11.087],[6.631,-2.415]],"v":[[-54.768,18.223],[10.683,36.007],[13.261,33.471],[31.5,-3.183],[11.348,-36.007],[-15.486,-9.401],[-59.814,-20.73],[-81.033,-28.688],[-105.25,12.078],[-73.352,29.023]],"c":true},"ix":2},"nm":"Path 1","mn":"ADBE Vector Shape - Group","hd":false},{"ind":1,"ty":"sh","ix":2,"ks":{"a":0,"k":{"i":[[0,-4.142],[4.142,0],[0,4.142],[-4.142,0]],"o":[[0,4.142],[-4.142,0],[0,-4.142],[4.142,0]],"v":[[107.5,0.317],[100,7.817],[92.5,0.317],[100,-7.183]],"c":true},"ix":2},"nm":"Path 2","mn":"ADBE Vector Shape - Group","hd":false},{"ty":"mm","mm":5,"nm":"Merge Paths 1","mn":"ADBE Vector Filter - Merge","hd":false},{"ty":"fl","c":{"a":0,"k":[0.439215689898,0.435294121504,0.435294121504,1],"ix":4},"o":{"a":0,"k":100,"ix":5},"r":1,"bm":0,"nm":"Fill 1","mn":"ADBE Vector Graphic - Fill","hd":false},{"ty":"tr","p":{"a":0,"k":[0,0],"ix":2},"a":{"a":0,"k":[0,0],"ix":1},"s":{"a":0,"k":[100,100],"ix":3},"r":{"a":0,"k":0,"ix":6},"o":{"a":0,"k":100,"ix":7},"sk":{"a":0,"k":0,"ix":4},"sa":{"a":0,"k":0,"ix":5},"nm":"Transform"}],"nm":"virus-arm-05","np":4,"cix":2,"bm":0,"ix":1,"mn":"ADBE Vector Group","hd":false}],"ip":0,"op":91,"st":0,"bm":0},{"ddd":0,"ind":4,"ty":4,"nm":"virus-arm-04","parent":1,"sr":1,"ks":{"o":{"a":0,"k":100,"ix":11},"r":{"a":0,"k":0,"ix":10},"p":{"a":0,"k":[0.556,0.5,0],"ix":2},"a":{"a":0,"k":[54.5,-91.5,0],"ix":1},"s":{"a":1,"k":[{"i":{"x":[0.231,0.231,0.667],"y":[1,1,1]},"o":{"x":[0.312,0.312,0.333],"y":[0,0,0]},"t":16.027,"s":[40,40,100]},{"i":{"x":[0.691,0.691,0.833],"y":[1,1,1]},"o":{"x":[0.774,0.774,0.167],"y":[0,0,0]},"t":48.082,"s":[100,100,100]},{"t":80.13671875,"s":[40,40,100]}],"ix":6}},"ao":0,"shapes":[{"ty":"gr","it":[{"ind":0,"ty":"sh","ix":1,"ks":{"a":0,"k":{"i":[[0,-4.142],[4.142,0],[0,4.142],[-4.142,0]],"o":[[0,4.142],[-4.142,0],[0,-4.142],[4.142,0]],"v":[[61.943,-91.5],[54.443,-84],[46.943,-91.5],[54.443,-99]],"c":true},"ix":2},"nm":"Path 1","mn":"ADBE Vector Shape - Group","hd":false},{"ind":1,"ty":"sh","ix":2,"ks":{"a":0,"k":{"i":[[-4.014,9.409],[-16.574,1.402],[12.4,6.8],[3.869,-3.252],[26.198,-7.832],[-3.108,-14.864],[-14.925,4.535],[3.932,17.9]],"o":[[4.193,-9.825],[-0.844,-5.463],[-12.4,-6.8],[8.207,21.775],[-14.053,4.2],[3.21,15.374],[13.205,-4.015],[-2.135,-9.709]],"v":[[-2.192,32.197],[32.975,9.389],[14.944,-15.5],[-12.163,-14.243],[-40.582,42.11],[-61.368,75.854],[-25.348,97.988],[-4.76,61.402]],"c":true},"ix":2},"nm":"Path 2","mn":"ADBE Vector Shape - Group","hd":false},{"ty":"mm","mm":5,"nm":"Merge Paths 1","mn":"ADBE Vector Filter - Merge","hd":false},{"ty":"fl","c":{"a":0,"k":[0.439215689898,0.435294121504,0.435294121504,1],"ix":4},"o":{"a":0,"k":100,"ix":5},"r":1,"bm":0,"nm":"Fill 1","mn":"ADBE Vector Graphic - Fill","hd":false},{"ty":"tr","p":{"a":0,"k":[0,0],"ix":2},"a":{"a":0,"k":[0,0],"ix":1},"s":{"a":0,"k":[100,100],"ix":3},"r":{"a":0,"k":0,"ix":6},"o":{"a":0,"k":100,"ix":7},"sk":{"a":0,"k":0,"ix":4},"sa":{"a":0,"k":0,"ix":5},"nm":"Transform"}],"nm":"virus-arm-04","np":4,"cix":2,"bm":0,"ix":1,"mn":"ADBE Vector Group","hd":false}],"ip":0,"op":91,"st":0,"bm":0},{"ddd":0,"ind":5,"ty":4,"nm":"virus-arm-03","parent":1,"sr":1,"ks":{"o":{"a":0,"k":100,"ix":11},"r":{"a":0,"k":0,"ix":10},"p":{"a":0,"k":[0.944,1,0],"ix":2},"a":{"a":0,"k":[-54.5,-91,0],"ix":1},"s":{"a":1,"k":[{"i":{"x":[0.231,0.231,0.667],"y":[1,1,1]},"o":{"x":[0.312,0.312,0.333],"y":[0,0,0]},"t":11.096,"s":[40,40,100]},{"i":{"x":[0.691,0.691,0.833],"y":[1,1,1]},"o":{"x":[0.774,0.774,0.167],"y":[0,0,0]},"t":43.15,"s":[100,100,100]},{"t":75.205078125,"s":[40,40,100]}],"ix":6}},"ao":0,"shapes":[{"ty":"gr","it":[{"ind":0,"ty":"sh","ix":1,"ks":{"a":0,"k":{"i":[[0,-4.142],[4.142,0],[0,4.142],[-4.142,0]],"o":[[0,4.142],[-4.142,0],[0,-4.142],[4.142,0]],"v":[[-47.444,-91.5],[-54.944,-84],[-62.444,-91.5],[-54.944,-99]],"c":true},"ix":2},"nm":"Path 1","mn":"ADBE Vector Shape - Group","hd":false},{"ind":1,"ty":"sh","ix":2,"ks":{"a":0,"k":{"i":[[4.014,9.409],[16.574,1.402],[-15.563,7.2],[-3.4,-3.752],[-26.198,-7.832],[3.108,-14.864],[14.926,4.535],[-3.932,17.9]],"o":[[-4.193,-9.825],[-1.323,-5.63],[15.563,-7.2],[-8.207,21.775],[14.053,4.2],[-3.21,15.374],[-13.205,-4.015],[2.135,-9.709]],"v":[[2.692,32.197],[-32.475,9.389],[-16.99,-16.5],[12.663,-14.243],[41.082,42.11],[61.868,75.854],[25.849,97.988],[5.26,61.402]],"c":true},"ix":2},"nm":"Path 2","mn":"ADBE Vector Shape - Group","hd":false},{"ty":"mm","mm":5,"nm":"Merge Paths 1","mn":"ADBE Vector Filter - Merge","hd":false},{"ty":"fl","c":{"a":0,"k":[0.439215689898,0.435294121504,0.435294121504,1],"ix":4},"o":{"a":0,"k":100,"ix":5},"r":1,"bm":0,"nm":"Fill 1","mn":"ADBE Vector Graphic - Fill","hd":false},{"ty":"tr","p":{"a":0,"k":[0,0],"ix":2},"a":{"a":0,"k":[0,0],"ix":1},"s":{"a":0,"k":[100,100],"ix":3},"r":{"a":0,"k":0,"ix":6},"o":{"a":0,"k":100,"ix":7},"sk":{"a":0,"k":0,"ix":4},"sa":{"a":0,"k":0,"ix":5},"nm":"Transform"}],"nm":"virus-arm-03","np":4,"cix":2,"bm":0,"ix":1,"mn":"ADBE Vector Group","hd":false}],"ip":0,"op":91,"st":0,"bm":0},{"ddd":0,"ind":6,"ty":4,"nm":"virus-arm-02","parent":1,"sr":1,"ks":{"o":{"a":0,"k":100,"ix":11},"r":{"a":0,"k":0,"ix":10},"p":{"a":0,"k":[1,1.365,0],"ix":2},"a":{"a":0,"k":[-100,-1.5,0],"ix":1},"s":{"a":1,"k":[{"i":{"x":[0.231,0.231,0.667],"y":[1,1,1]},"o":{"x":[0.312,0.312,0.333],"y":[0,0,0]},"t":6.164,"s":[40,40,100]},{"i":{"x":[0.691,0.691,0.833],"y":[1,1,1]},"o":{"x":[0.774,0.774,0.167],"y":[0,0,0]},"t":38.219,"s":[100,100,100]},{"t":70.2734375,"s":[40,40,100]}],"ix":6}},"ao":0,"shapes":[{"ty":"gr","it":[{"ind":0,"ty":"sh","ix":1,"ks":{"a":0,"k":{"i":[[11.74,-28.211],[2.916,-5.199],[2.182,3.552],[0,18.554],[-6.946,7.417],[-1.32,-3.846],[-13.113,-4.365],[-12.916,11.353],[-7.793,-1.203],[7.697,-20.063],[13.31,4.845],[5.759,4.234]],"o":[[-2.342,5.626],[-1.397,-3.337],[-5.662,-9.216],[0,-24.047],[1.918,3.477],[4.531,13.215],[16.988,5.655],[6.029,-5.301],[18.882,2.915],[-4.255,11.086],[-6.632,-2.415],[-22.535,-16.557]],"v":[[-10.182,33.325],[-17.961,49.615],[-23.556,39.444],[-36,0.635],[-15.802,-49.615],[-10.848,-38.689],[15.986,-12.083],[60.314,-23.412],[81.534,-31.37],[105.75,9.396],[73.852,26.341],[55.268,15.541]],"c":true},"ix":2},"nm":"Path 1","mn":"ADBE Vector Shape - Group","hd":false},{"ind":1,"ty":"sh","ix":2,"ks":{"a":0,"k":{"i":[[0,-4.142],[4.142,0],[0,4.142],[-4.142,0]],"o":[[0,4.142],[-4.142,0],[0,-4.142],[4.142,0]],"v":[[-93,-2.365],[-100.5,5.135],[-108,-2.365],[-100.5,-9.865]],"c":true},"ix":2},"nm":"Path 2","mn":"ADBE Vector Shape - Group","hd":false},{"ty":"mm","mm":5,"nm":"Merge Paths 1","mn":"ADBE Vector Filter - Merge","hd":false},{"ty":"fl","c":{"a":0,"k":[0.439215689898,0.435294121504,0.435294121504,1],"ix":4},"o":{"a":0,"k":100,"ix":5},"r":1,"bm":0,"nm":"Fill 1","mn":"ADBE Vector Graphic - Fill","hd":false},{"ty":"tr","p":{"a":0,"k":[0,0],"ix":2},"a":{"a":0,"k":[0,0],"ix":1},"s":{"a":0,"k":[100,100],"ix":3},"r":{"a":0,"k":0,"ix":6},"o":{"a":0,"k":100,"ix":7},"sk":{"a":0,"k":0,"ix":4},"sa":{"a":0,"k":0,"ix":5},"nm":"Transform"}],"nm":"virus-arm-02","np":4,"cix":2,"bm":0,"ix":1,"mn":"ADBE Vector Group","hd":false}],"ip":0,"op":91,"st":0,"bm":0},{"ddd":0,"ind":7,"ty":4,"nm":"virus-arm-01","parent":1,"sr":1,"ks":{"o":{"a":0,"k":100,"ix":11},"r":{"a":0,"k":0,"ix":10},"p":{"a":0,"k":[0.485,1,0],"ix":2},"a":{"a":0,"k":[-55,91.5,0],"ix":1},"s":{"a":1,"k":[{"i":{"x":[0.231,0.231,0.667],"y":[1,1,1]},"o":{"x":[0.312,0.312,0.333],"y":[0,0,0]},"t":0,"s":[40,40,100]},{"i":{"x":[0.691,0.691,0.833],"y":[1,1,1]},"o":{"x":[0.774,0.774,0.167],"y":[0,0,0]},"t":32.055,"s":[100,100,100]},{"t":64.109375,"s":[40,40,100]}],"ix":6}},"ao":0,"shapes":[{"ty":"gr","it":[{"ind":0,"ty":"sh","ix":1,"ks":{"a":0,"k":{"i":[[6.005,-5.18],[-4.207,-14.249],[12.33,8.689],[-2.017,6.432],[-2.949,1.528],[0.053,17.018],[0.228,3.452],[-0.227,4.627],[-18.102,-3.647],[3.046,-13.948],[10.024,-4.893]],"o":[[-10.887,9.394],[-8.477,7.803],[-11.92,-8.4],[2.954,-0.538],[13.325,-6.906],[-0.01,-3.45],[-0.307,-4.652],[0.747,-15.17],[14.573,2.934],[-2.564,11.731],[-7.21,3.516]],"v":[[21.326,-29.296],[11.682,11.466],[-18.485,15],[-25.932,-9.795],[-17.084,-12.783],[5.899,-47.7],[5.433,-58.056],[5.046,-71.983],[38.863,-97.929],[61.995,-64.611],[42.005,-41.663]],"c":true},"ix":2},"nm":"Path 1","mn":"ADBE Vector Shape - Group","hd":false},{"ind":1,"ty":"sh","ix":2,"ks":{"a":0,"k":{"i":[[0,-4.142],[4.142,0],[0,4.142],[-4.142,0]],"o":[[0,4.142],[-4.142,0],[0,-4.142],[4.142,0]],"v":[[-47.485,91],[-54.985,98.5],[-62.485,91],[-54.985,83.5]],"c":true},"ix":2},"nm":"Path 2","mn":"ADBE Vector Shape - Group","hd":false},{"ty":"mm","mm":5,"nm":"Merge Paths 1","mn":"ADBE Vector Filter - Merge","hd":false},{"ty":"fl","c":{"a":0,"k":[0.439215689898,0.435294121504,0.435294121504,1],"ix":4},"o":{"a":0,"k":100,"ix":5},"r":1,"bm":0,"nm":"Fill 1","mn":"ADBE Vector Graphic - Fill","hd":false},{"ty":"tr","p":{"a":0,"k":[0,0],"ix":2},"a":{"a":0,"k":[0,0],"ix":1},"s":{"a":0,"k":[100,100],"ix":3},"r":{"a":0,"k":0,"ix":6},"o":{"a":0,"k":100,"ix":7},"sk":{"a":0,"k":0,"ix":4},"sa":{"a":0,"k":0,"ix":5},"nm":"Transform"}],"nm":"virus-arm-01","np":4,"cix":2,"bm":0,"ix":1,"mn":"ADBE Vector Group","hd":false}],"ip":0,"op":91,"st":0,"bm":0}]},{"id":"comp_2","layers":[{"ddd":0,"ind":1,"ty":4,"nm":"C","sr":1,"ks":{"o":{"a":0,"k":100,"ix":11},"r":{"a":0,"k":0,"ix":10},"p":{"a":0,"k":[238.5,255.929,0],"ix":2},"a":{"a":0,"k":[0,0,0],"ix":1},"s":{"a":0,"k":[100,100,100],"ix":6}},"ao":0,"shapes":[{"ty":"gr","it":[{"ind":0,"ty":"sh","ix":1,"ks":{"a":0,"k":{"i":[[4.144,-2.464],[22.424,0],[6.949,1.275],[6.8,3.2],[6.607,6.989],[0.188,0.203],[3.86,9.52],[0,27.431],[-4.302,15.25],[-7.528,8.293],[-0.607,0.626],[-6,3.2],[-8.901,2.795],[-9.908,0],[-13.947,-8.531],[1.32,-3.22],[0,0],[4.714,2.085],[12.439,0],[9.33,-11.188],[0,-23.133],[-9.518,-11.092],[-19.788,0],[-10.178,5.499],[-2.072,-4.36],[0,0]],"o":[[-13.567,8.914],[-7.908,0],[-7.531,-1.889],[-8.5,-4],[-0.188,-0.199],[-6.395,-6.921],[-2.82,-8.994],[0,-22.074],[3.971,-11.959],[0.588,-0.65],[3.556,-3.322],[7.5,-4],[8.386,-2.1],[21.673,0],[3.957,2.658],[0,0],[-1.696,4.365],[-10.178,-4.738],[-19.219,0],[-9.33,11.188],[0,23.138],[9.518,11.096],[12.815,0],[4.338,-1.707],[0,0],[1.335,3.225]],"v":[[70.792,90.03],[16.801,103.401],[-5.469,101.461],[-27.5,94.072],[-50.607,77.828],[-51.185,77.237],[-66.539,52.552],[-75.5,0.141],[-68.698,-46.678],[-51.474,-77.081],[-49.667,-78.963],[-31.5,-92.929],[-12.052,-100.224],[15.374,-103.4],[68.801,-90.602],[72.758,-81.785],[65.124,-64.433],[55.514,-61.019],[21.591,-68.129],[-21.233,-51.344],[-35.228,0.141],[-20.953,51.485],[23.003,68.124],[57.49,59.875],[67.1,63.856],[75.013,81.495]],"c":true},"ix":2},"nm":"Path 1","mn":"ADBE Vector Shape - Group","hd":false},{"ty":"fl","c":{"a":0,"k":[0.439215689898,0.435294121504,0.435294121504,1],"ix":4},"o":{"a":0,"k":100,"ix":5},"r":1,"bm":0,"nm":"Fill 1","mn":"ADBE Vector Graphic - Fill","hd":false},{"ty":"tr","p":{"a":0,"k":[0,0],"ix":2},"a":{"a":0,"k":[0,0],"ix":1},"s":{"a":0,"k":[100,100],"ix":3},"r":{"a":0,"k":0,"ix":6},"o":{"a":0,"k":100,"ix":7},"sk":{"a":0,"k":0,"ix":4},"sa":{"a":0,"k":0,"ix":5},"nm":"Transform"}],"nm":"C","np":2,"cix":2,"bm":0,"ix":1,"mn":"ADBE Vector Group","hd":false}],"ip":0,"op":41,"st":0,"bm":0},{"ddd":0,"ind":2,"ty":4,"nm":"virus-arm-06","parent":1,"sr":1,"ks":{"o":{"a":0,"k":100,"ix":11},"r":{"a":0,"k":0,"ix":10},"p":{"a":0,"k":[18.015,0.571,0],"ix":2},"a":{"a":0,"k":[54.5,91,0],"ix":1},"s":{"a":1,"k":[{"i":{"x":[0.284,0.284,0.667],"y":[1,1,1]},"o":{"x":[0.289,0.289,0.333],"y":[0,0,0]},"t":10,"s":[40,40,100]},{"t":38,"s":[100,100,100]}],"ix":6}},"ao":0,"hasMask":true,"masksProperties":[{"inv":false,"mode":"a","pt":{"a":1,"k":[{"i":{"x":0.833,"y":0.833},"o":{"x":0,"y":0},"t":10,"s":[{"i":[[68.082,0],[0,-50.823],[-68.082,0],[0,50.823]],"o":[[-68.082,0],[0,50.823],[68.082,0],[0,-50.823]],"v":[[-92.242,-240],[-168.515,-167.977],[-93.242,-78.953],[-14.969,-158.977]],"c":true}]},{"i":{"x":0.833,"y":0.833},"o":{"x":0.167,"y":0.167},"t":23,"s":[{"i":[[68.082,0],[0,-50.823],[-68.082,0],[0,50.823]],"o":[[-68.082,0],[0,50.823],[68.082,0],[0,-50.823]],"v":[[-47.381,-169.197],[-123.654,-97.173],[-48.381,-8.15],[29.893,-88.173]],"c":true}]},{"t":38,"s":[{"i":[[68.082,0],[0,-50.823],[-68.082,0],[0,50.823]],"o":[[-68.082,0],[0,50.823],[68.082,0],[0,-50.823]],"v":[[-25.242,-127],[-101.515,-54.977],[-26.242,34.047],[52.031,-45.977]],"c":true}]}],"ix":1},"o":{"a":0,"k":100,"ix":3},"x":{"a":0,"k":0,"ix":4},"nm":"Mask 1"}],"shapes":[{"ty":"gr","it":[{"ind":0,"ty":"sh","ix":1,"ks":{"a":0,"k":{"i":[[-6.005,-5.18],[4.207,-14.249],[-11.196,7.996],[1.605,5.266],[2.949,1.528],[-0.053,17.018],[-0.228,3.452],[0.227,4.627],[18.101,-3.647],[-3.046,-13.948],[-10.024,-4.893]],"o":[[10.887,9.394],[4.813,4.843],[11.196,-7.996],[-2.954,-0.538],[-13.325,-6.906],[0.01,-3.45],[0.307,-4.652],[-0.747,-15.17],[-14.574,2.934],[2.564,11.731],[7.21,3.516]],"v":[[-20.826,-29.296],[-11.182,11.466],[17.252,16],[26.432,-9.795],[17.584,-12.783],[-5.399,-47.7],[-4.933,-58.056],[-4.546,-71.983],[-38.363,-97.929],[-61.496,-64.611],[-41.505,-41.663]],"c":true},"ix":2},"nm":"Path 1","mn":"ADBE Vector Shape - Group","hd":false},{"ind":1,"ty":"sh","ix":2,"ks":{"a":0,"k":{"i":[[0,-4.142],[4.142,0],[0,4.142],[-4.142,0]],"o":[[0,4.142],[-4.142,0],[0,-4.142],[4.142,0]],"v":[[61.984,91],[54.484,98.5],[46.984,91],[54.484,83.5]],"c":true},"ix":2},"nm":"Path 2","mn":"ADBE Vector Shape - Group","hd":false},{"ty":"mm","mm":5,"nm":"Merge Paths 1","mn":"ADBE Vector Filter - Merge","hd":false},{"ty":"fl","c":{"a":0,"k":[0.439215689898,0.435294121504,0.435294121504,1],"ix":4},"o":{"a":0,"k":100,"ix":5},"r":1,"bm":0,"nm":"Fill 1","mn":"ADBE Vector Graphic - Fill","hd":false},{"ty":"tr","p":{"a":0,"k":[0,0],"ix":2},"a":{"a":0,"k":[0,0],"ix":1},"s":{"a":0,"k":[100,100],"ix":3},"r":{"a":0,"k":0,"ix":6},"o":{"a":0,"k":100,"ix":7},"sk":{"a":0,"k":0,"ix":4},"sa":{"a":0,"k":0,"ix":5},"nm":"Transform"}],"nm":"virus-arm-06","np":4,"cix":2,"bm":0,"ix":1,"mn":"ADBE Vector Group","hd":false}],"ip":0,"op":41,"st":0,"bm":0},{"ddd":0,"ind":3,"ty":4,"nm":"virus-arm-05","parent":1,"sr":1,"ks":{"o":{"a":0,"k":100,"ix":11},"r":{"a":0,"k":0,"ix":10},"p":{"a":0,"k":[18,0.755,0],"ix":2},"a":{"a":0,"k":[100,0.5,0],"ix":1},"s":{"a":1,"k":[{"i":{"x":[0.284,0.284,0.667],"y":[1,1,1]},"o":{"x":[0.339,0.339,0.333],"y":[0,0,0]},"t":5,"s":[40,40,100]},{"t":33,"s":[100,100,100]}],"ix":6}},"ao":0,"hasMask":true,"masksProperties":[{"inv":false,"mode":"a","pt":{"a":1,"k":[{"i":{"x":0.833,"y":0.833},"o":{"x":0.167,"y":0.167},"t":5,"s":[{"i":[[122.735,0],[0,-59.363],[-122.735,0],[0,59.363]],"o":[[-122.735,0],[0,59.363],[122.735,0],[0,-59.363]],"v":[[-279.019,-93.708],[-501.25,13.777],[-279.019,121.263],[-88.037,0.027]],"c":true}]},{"i":{"x":0.833,"y":0.833},"o":{"x":0.167,"y":0.167},"t":21,"s":[{"i":[[122.735,0],[0,-59.363],[-122.735,0],[0,59.363]],"o":[[-122.735,0],[0,59.363],[122.735,0],[0,-59.363]],"v":[[-203.241,-102.851],[-425.472,4.635],[-203.241,112.12],[18.991,4.635]],"c":true}]},{"t":33,"s":[{"i":[[122.735,0],[0,-59.363],[-122.735,0],[0,59.363]],"o":[[-122.735,0],[0,59.363],[122.735,0],[0,-59.363]],"v":[[-188.019,-109.708],[-410.25,-2.223],[-188.019,105.263],[34.213,-2.223]],"c":true}]}],"ix":1},"o":{"a":0,"k":100,"ix":3},"x":{"a":0,"k":0,"ix":4},"nm":"Mask 1"}],"shapes":[{"ty":"gr","it":[{"ind":0,"ty":"sh","ix":1,"ks":{"a":0,"k":{"i":[[-5.759,4.234],[-11.74,-28.211],[-0.928,0.898],[0,18.995],[6.717,4.941],[13.113,-4.365],[12.916,11.353],[7.793,-1.203],[-7.696,-20.063],[-13.311,4.845]],"o":[[22.535,-16.557],[0.781,-0.796],[7.31,-7.078],[0,-14.4],[-4.531,13.215],[-16.988,5.655],[-6.029,-5.301],[-18.882,2.915],[4.255,11.087],[6.631,-2.415]],"v":[[-54.768,18.223],[10.683,36.007],[13.261,33.471],[31.5,-3.183],[11.348,-36.007],[-15.486,-9.401],[-59.814,-20.73],[-81.033,-28.688],[-105.25,12.078],[-73.352,29.023]],"c":true},"ix":2},"nm":"Path 1","mn":"ADBE Vector Shape - Group","hd":false},{"ind":1,"ty":"sh","ix":2,"ks":{"a":0,"k":{"i":[[0,-4.142],[4.142,0],[0,4.142],[-4.142,0]],"o":[[0,4.142],[-4.142,0],[0,-4.142],[4.142,0]],"v":[[107.5,0.317],[100,7.817],[92.5,0.317],[100,-7.183]],"c":true},"ix":2},"nm":"Path 2","mn":"ADBE Vector Shape - Group","hd":false},{"ty":"mm","mm":5,"nm":"Merge Paths 1","mn":"ADBE Vector Filter - Merge","hd":false},{"ty":"fl","c":{"a":0,"k":[0.439215689898,0.435294121504,0.435294121504,1],"ix":4},"o":{"a":0,"k":100,"ix":5},"r":1,"bm":0,"nm":"Fill 1","mn":"ADBE Vector Graphic - Fill","hd":false},{"ty":"tr","p":{"a":0,"k":[0,0],"ix":2},"a":{"a":0,"k":[0,0],"ix":1},"s":{"a":0,"k":[100,100],"ix":3},"r":{"a":0,"k":0,"ix":6},"o":{"a":0,"k":100,"ix":7},"sk":{"a":0,"k":0,"ix":4},"sa":{"a":0,"k":0,"ix":5},"nm":"Transform"}],"nm":"virus-arm-05","np":4,"cix":2,"bm":0,"ix":1,"mn":"ADBE Vector Group","hd":false}],"ip":0,"op":41,"st":0,"bm":0},{"ddd":0,"ind":4,"ty":4,"nm":"virus-arm-04","parent":1,"sr":1,"ks":{"o":{"a":0,"k":100,"ix":11},"r":{"a":0,"k":0,"ix":10},"p":{"a":0,"k":[18.056,0.571,0],"ix":2},"a":{"a":0,"k":[54.5,-91.5,0],"ix":1},"s":{"a":1,"k":[{"i":{"x":[0.287,0.287,0.667],"y":[1,1,1]},"o":{"x":[0.287,0.287,0.333],"y":[0,0,0]},"t":0,"s":[40,40,100]},{"t":28,"s":[100,100,100]}],"ix":6}},"ao":0,"hasMask":true,"masksProperties":[{"inv":false,"mode":"a","pt":{"a":1,"k":[{"i":{"x":0.833,"y":0.833},"o":{"x":0.167,"y":0.167},"t":0,"s":[{"i":[[43.813,0],[0,-41.189],[-43.813,0],[0,41.189]],"o":[[-43.813,0],[0,41.189],[43.813,0],[0,-41.189]],"v":[[-102.56,84.75],[-181.891,159.33],[-102.56,233.91],[-23.229,159.33]],"c":true}]},{"i":{"x":0.833,"y":0.833},"o":{"x":0.167,"y":0.167},"t":19,"s":[{"i":[[43.813,0],[0,-41.189],[-43.813,0],[0,41.189]],"o":[[-43.813,0],[0,41.189],[43.813,0],[0,-41.189]],"v":[[-17.199,-25.432],[-96.53,49.148],[-17.199,123.728],[62.132,49.148]],"c":true}]},{"t":28,"s":[{"i":[[43.813,0],[0,-41.189],[-43.813,0],[0,41.189]],"o":[[-43.813,0],[0,41.189],[43.813,0],[0,-41.189]],"v":[[-22.56,-30.25],[-101.891,44.33],[-22.56,118.91],[56.771,44.33]],"c":true}]}],"ix":1},"o":{"a":0,"k":100,"ix":3},"x":{"a":0,"k":0,"ix":4},"nm":"Mask 1"}],"shapes":[{"ty":"gr","it":[{"ind":0,"ty":"sh","ix":1,"ks":{"a":0,"k":{"i":[[0,-4.142],[4.142,0],[0,4.142],[-4.142,0]],"o":[[0,4.142],[-4.142,0],[0,-4.142],[4.142,0]],"v":[[61.943,-91.5],[54.443,-84],[46.943,-91.5],[54.443,-99]],"c":true},"ix":2},"nm":"Path 1","mn":"ADBE Vector Shape - Group","hd":false},{"ind":1,"ty":"sh","ix":2,"ks":{"a":0,"k":{"i":[[-4.014,9.409],[-16.574,1.402],[12.4,6.8],[3.869,-3.252],[26.198,-7.832],[-3.108,-14.864],[-14.925,4.535],[3.932,17.9]],"o":[[4.193,-9.825],[-0.844,-5.463],[-12.4,-6.8],[8.207,21.775],[-14.053,4.2],[3.21,15.374],[13.205,-4.015],[-2.135,-9.709]],"v":[[-2.192,32.197],[32.975,9.389],[14.944,-15.5],[-12.163,-14.243],[-40.582,42.11],[-61.368,75.854],[-25.348,97.988],[-4.76,61.402]],"c":true},"ix":2},"nm":"Path 2","mn":"ADBE Vector Shape - Group","hd":false},{"ty":"mm","mm":5,"nm":"Merge Paths 1","mn":"ADBE Vector Filter - Merge","hd":false},{"ty":"fl","c":{"a":0,"k":[0.439215689898,0.435294121504,0.435294121504,1],"ix":4},"o":{"a":0,"k":100,"ix":5},"r":1,"bm":0,"nm":"Fill 1","mn":"ADBE Vector Graphic - Fill","hd":false},{"ty":"tr","p":{"a":0,"k":[0,0],"ix":2},"a":{"a":0,"k":[0,0],"ix":1},"s":{"a":0,"k":[100,100],"ix":3},"r":{"a":0,"k":0,"ix":6},"o":{"a":0,"k":100,"ix":7},"sk":{"a":0,"k":0,"ix":4},"sa":{"a":0,"k":0,"ix":5},"nm":"Transform"}],"nm":"virus-arm-04","np":4,"cix":2,"bm":0,"ix":1,"mn":"ADBE Vector Group","hd":false}],"ip":0,"op":41,"st":0,"bm":0}]}],"layers":[{"ddd":0,"ind":1,"ty":0,"nm":"zero-precomp","refId":"comp_0","sr":1,"ks":{"o":{"a":0,"k":100,"ix":11},"r":{"a":0,"k":0,"ix":10},"p":{"a":1,"k":[{"i":{"x":0,"y":1},"o":{"x":0.303,"y":0},"t":174,"s":[400,256,0],"to":[15.333,0,0],"ti":[-15.333,0,0]},{"t":257,"s":[492,256,0]}],"ix":2},"a":{"a":0,"k":[256,256,0],"ix":1},"s":{"a":0,"k":[100,100,100],"ix":6}},"ao":0,"tm":{"a":1,"k":[{"i":{"x":[0.833],"y":[0.833]},"o":{"x":[0.167],"y":[0.167]},"t":89,"s":[0]},{"t":149,"s":[1]}],"ix":2},"w":512,"h":512,"ip":89,"op":293,"st":89,"bm":0},{"ddd":0,"ind":2,"ty":0,"nm":"virus-precomp","refId":"comp_1","sr":1,"ks":{"o":{"a":1,"k":[{"i":{"x":[0.833],"y":[0.833]},"o":{"x":[0.167],"y":[0.167]},"t":90,"s":[100]},{"t":91,"s":[0]}],"ix":11},"r":{"a":0,"k":0,"ix":10},"p":{"a":0,"k":[400,256,0],"ix":2},"a":{"a":0,"k":[256,256,0],"ix":1},"s":{"a":0,"k":[100,100,100],"ix":6}},"ao":0,"w":512,"h":512,"ip":0,"op":90,"st":0,"bm":0},{"ddd":0,"ind":3,"ty":0,"nm":"c-precomp","refId":"comp_2","sr":1,"ks":{"o":{"a":0,"k":100,"ix":11},"r":{"a":0,"k":0,"ix":10},"p":{"a":1,"k":[{"i":{"x":0,"y":1},"o":{"x":0.303,"y":0},"t":174,"s":[400,256,0],"to":[-9.833,0,0],"ti":[9.833,0,0]},{"t":257,"s":[341,256,0]}],"ix":2},"a":{"a":0,"k":[256,256,0],"ix":1},"s":{"a":0,"k":[100,100,100],"ix":6}},"ao":0,"tm":{"a":1,"k":[{"i":{"x":[0.833],"y":[0.833]},"o":{"x":[0.167],"y":[0.167]},"t":174,"s":[0]},{"t":216,"s":[0.667]}],"ix":2},"w":512,"h":512,"ip":174,"op":374,"st":174,"bm":0}],"markers":[]}